{"accuracy": [0.27432218194007874, 0.3349282443523407, 0.31578946113586426, 0.35725677013397217, 0.38277512788772583, 0.38755980134010315, 0.38755980134010315, 0.3987240791320801, 0.4066985547542572, 0.42424243688583374, 0.46251994371414185, 0.45933014154434204, 0.4481658637523651, 0.4433811902999878, 0.46889951825141907, 0.449760764837265, 0.4864433705806732, 0.4816586971282959, 0.489633172750473, 0.50079745054245, 0.480063796043396, 0.4880382716655731, 0.49601274728775024, 0.46570971608161926, 0.5183413028717041, 0.5087719559669495, 0.480063796043396, 0.5326953530311584, 0.519936203956604, 0.4864433705806732, 0.5103667974472046, 0.5135565996170044, 0.5358851552009583, 0.5342902541160583, 0.5374800562858582, 0.5454545617103577, 0.5263158082962036, 0.5438596606254578, 0.5390749573707581, 0.5311004519462585, 0.5486443638801575, 0.5582137107849121, 0.5470494627952576, 0.5566188097000122, 0.559808611869812, 0.5693780183792114, 0.5629984140396118, 0.5566188097000122, 0.5518341064453125, 0.5677831172943115, 0.5566188097000122, 0.5502392053604126, 0.5518341064453125, 0.5853269696235657, 0.5629984140396118, 0.5725677609443665, 0.5853269696235657, 0.5693780183792114, 0.5789473652839661, 0.6267942786216736, 0.5757575631141663, 0.5948963165283203, 0.6156299710273743, 0.5821371674537659, 0.6267942786216736, 0.5789473652839661, 0.6012759208679199, 0.5980861186981201, 0.6188197731971741, 0.6012759208679199, 0.5869218707084656, 0.5917065143585205, 0.6076555252075195, 0.5773524641990662, 0.6251993775367737, 0.6140350699424744, 0.6108452677726746, 0.620414674282074, 0.6220095753669739, 0.6140350699424744, 0.6012759208679199, 0.59968101978302, 0.6267942786216736, 0.5773524641990662, 0.6443381309509277, 0.6523125767707825, 0.6411483287811279, 0.6491228342056274, 0.6188197731971741, 0.6299840807914734, 0.6379585266113281, 0.6363636255264282, 0.6379585266113281, 0.6315789222717285, 0.6028708219528198, 0.6539074778556824, 0.6363636255264282, 0.6411483287811279, 0.6315789222717285, 0.6347687244415283], "loss": [1.4231191873550415, 1.3631902933120728, 1.350054144859314, 1.3209800720214844, 1.299451470375061, 1.2970470190048218, 1.2646352052688599, 1.2514116764068604, 1.245117425918579, 1.220903754234314, 1.2121620178222656, 1.1799215078353882, 1.1798179149627686, 1.1976498365402222, 1.1684589385986328, 1.18001127243042, 1.1470314264297485, 1.168473720550537, 1.1292128562927246, 1.138909101486206, 1.1425052881240845, 1.124144196510315, 1.1198793649673462, 1.138558030128479, 1.1091549396514893, 1.12181556224823, 1.1161315441131592, 1.0635420083999634, 1.0892468690872192, 1.1033269166946411, 1.093846082687378, 1.088846206665039, 1.0813977718353271, 1.0747781991958618, 1.0668115615844727, 1.0310331583023071, 1.061606764793396, 1.059362769126892, 1.038316011428833, 1.0499683618545532, 1.0326381921768188, 1.0389983654022217, 1.0355174541473389, 1.023543119430542, 1.019946575164795, 1.0072124004364014, 1.0251117944717407, 1.0131702423095703, 1.003721833229065, 0.9941062331199646, 1.029781699180603, 1.0157208442687988, 1.0045479536056519, 0.9775444865226746, 0.9880462884902954, 0.9860042333602905, 0.970708966255188, 1.0037317276000977, 0.9500398635864258, 0.9489595293998718, 0.9675506353378296, 0.9499388933181763, 0.9365909099578857, 0.9487730860710144, 0.9137970209121704, 0.9625511765480042, 0.9449885487556458, 0.9353377819061279, 0.9134690761566162, 0.9521044492721558, 0.9461460709571838, 0.9533305764198303, 0.9333183765411377, 0.9441765546798706, 0.9040403962135315, 0.9209344387054443, 0.9197050929069519, 0.9055613875389099, 0.8742305636405945, 0.9187470078468323, 0.9088073372840881, 0.9055274128913879, 0.8915563225746155, 0.9007859230041504, 0.8787223696708679, 0.8720768094062805, 0.8912251591682434, 0.8686650991439819, 0.8783532381057739, 0.8582654595375061, 0.8560737371444702, 0.8732195496559143, 0.8545365929603577, 0.8869184255599976, 0.9008939266204834, 0.8550983667373657, 0.8438163995742798, 0.8859258890151978, 0.8332924246788025, 0.8389468193054199], "val_accuracy": [0.2611464858055115, 0.19745223224163055, 0.2165605127811432, 0.29936304688453674, 0.2675159275531769, 0.30573248863220215, 0.337579607963562, 0.3821656107902527, 0.3821656107902527, 0.42675158381462097, 0.4522292912006378, 0.4458598792552948, 0.4458598792552948, 0.47770699858665466, 0.47770699858665466, 0.4904458522796631, 0.48407644033432007, 0.48407644033432007, 0.4904458522796631, 0.5477706789970398, 0.522292971611023, 0.5477706789970398, 0.5286624431610107, 0.5414012670516968, 0.522292971611023, 0.5350318551063538, 0.5605095624923706, 0.5605095624923706, 0.5541401505470276, 0.5668789744377136, 0.5859872698783875, 0.5796178579330444, 0.5732483863830566, 0.5923566818237305, 0.5923566818237305, 0.6114649772644043, 0.6178343892097473, 0.6433120965957642, 0.6305732727050781, 0.6496815085411072, 0.6369426846504211, 0.6496815085411072, 0.656050980091095, 0.6496815085411072, 0.6305732727050781, 0.6242038011550903, 0.6305732727050781, 0.662420392036438, 0.6433120965957642, 0.6433120965957642, 0.656050980091095, 0.6878980994224548, 0.656050980091095, 0.6815286874771118, 0.675159215927124, 0.675159215927124, 0.6878980994224548, 0.668789803981781, 0.6496815085411072, 0.7133758068084717, 0.6942675113677979, 0.6942675113677979, 0.7133758068084717, 0.7006369233131409, 0.6942675113677979, 0.668789803981781, 0.7006369233131409, 0.6942675113677979, 0.6878980994224548, 0.6815286874771118, 0.6942675113677979, 0.6878980994224548, 0.6878980994224548, 0.675159215927124, 0.6942675113677979, 0.7006369233131409, 0.6815286874771118, 0.6815286874771118, 0.6815286874771118, 0.7006369233131409, 0.7006369233131409, 0.7006369233131409, 0.675159215927124, 0.675159215927124, 0.6815286874771118, 0.6815286874771118, 0.6942675113677979, 0.7261146306991577, 0.7006369233131409, 0.7133758068084717, 0.7133758068084717, 0.7070063948631287, 0.7197452187538147, 0.7006369233131409, 0.6942675113677979, 0.7324841022491455, 0.7070063948631287, 0.7261146306991577, 0.7643312215805054, 0.7324841022491455], "val_loss": [1.408698320388794, 1.4263615608215332, 1.4139491319656372, 1.3832226991653442, 1.36962890625, 1.349073052406311, 1.3263883590698242, 1.2952377796173096, 1.2708648443222046, 1.2688040733337402, 1.238558292388916, 1.218536138534546, 1.1943891048431396, 1.192596197128296, 1.1858634948730469, 1.168629765510559, 1.1613342761993408, 1.1599602699279785, 1.146092176437378, 1.1262035369873047, 1.1280092000961304, 1.104150414466858, 1.0941649675369263, 1.091585636138916, 1.0951193571090698, 1.0694595575332642, 1.0709559917449951, 1.0598766803741455, 1.0566235780715942, 1.0465714931488037, 1.0409765243530273, 1.023931860923767, 1.0256048440933228, 1.0146639347076416, 1.012004017829895, 1.0069043636322021, 1.0067607164382935, 0.9856181740760803, 0.978303849697113, 0.9634946584701538, 0.9660929441452026, 0.9609233140945435, 0.9475125074386597, 0.945556640625, 0.9418809413909912, 0.9520730972290039, 0.9387072920799255, 0.9238242506980896, 0.9276235103607178, 0.9269492030143738, 0.923599362373352, 0.9077360033988953, 0.9100365042686462, 0.8941538333892822, 0.8875165581703186, 0.887273907661438, 0.8786786198616028, 0.8857318758964539, 0.880141019821167, 0.8605496287345886, 0.8715975880622864, 0.858437716960907, 0.8390851020812988, 0.8344025611877441, 0.8338402509689331, 0.8246928453445435, 0.8158623576164246, 0.8144752979278564, 0.8239687085151672, 0.8173649311065674, 0.808368980884552, 0.8190171718597412, 0.8158837556838989, 0.8165478706359863, 0.8061731457710266, 0.8056590557098389, 0.8081321716308594, 0.7948157787322998, 0.7831949591636658, 0.7827256321907043, 0.77702796459198, 0.7815824151039124, 0.7786555290222168, 0.7769995927810669, 0.7665505409240723, 0.7675995826721191, 0.7631710767745972, 0.7432267069816589, 0.7442389130592346, 0.7402797341346741, 0.7404866218566895, 0.7350261211395264, 0.7244536876678467, 0.7413031458854675, 0.7307296395301819, 0.7165221571922302, 0.7316778302192688, 0.7257451415061951, 0.712261974811554, 0.713714599609375]}